{
 "3": {
  "xform": [
   0.9974585374466255,
   -0.04522258473832911,
   0.05505800490776179,
   0.9976908844731973,
   0.04515679132666066,
   0.9989769341603095,
   0.0024391008074556783,
   0.20761842639293704,
   -0.05511197938668964,
   5.334091439240619e-05,
   0.9984801785127373,
   0.245479789979278,
   0.0,
   0.0,
   0.0,
   1.0
  ],
  "xformed_noc_scale": [
   22.87312585516784,
   46.769370998226904,
   88.33125147228495
  ]
 },
 "5": {
  "xform": [
   0.9215166497269804,
   -0.3883388523904886,
   0.0,
   -0.005944975451008361,
   0.3883388523904886,
   0.9215166497269804,
   0.0,
   -0.5005914365428143,
   0.0,
   0.0,
   1.0,
   -0.0,
   0.0,
   0.0,
   0.0,
   1.0
  ],
  "xformed_noc_scale": [
   47.99585000132431,
   29.18412966594782,
   95.7040023803711
  ]
 },
 "7": {
  "xform": [
   0.881760131909562,
   0.47169807056509316,
   0.0,
   -0.011250043015230915,
   -0.47169807056509316,
   0.8817601319095622,
   0.0,
   0.06725363986371491,
   0.0,
   0.0,
   1.0,
   -0.0,
   0.0,
   0.0,
   0.0,
   1.0
  ],
  "xformed_noc_scale": [
   56.77762141748333,
   44.894544110806905,
   19.413999557495117
  ]
 },
 "8": {
  "xform": [
   0.9709447099589541,
   0.2393039285150215,
   0.0,
   -0.33341667793038,
   -0.2393039285150215,
   0.9709447099589541,
   0.0,
   0.2137676952126597,
   0.0,
   0.0,
   1.0,
   -0.0,
   0.0,
   0.0,
   0.0,
   1.0
  ],
  "xformed_noc_scale": [
   36.70767477731003,
   44.985932851898916,
   15.0600004196167
  ]
 },
 "9": {
  "xform": [
   0.9986522601468255,
   0.05190051351997523,
   0.0,
   -0.11359632296280253,
   -0.05190051351997523,
   0.9986522601468255,
   0.0,
   -0.05058306112132804,
   0.0,
   0.0,
   1.0,
   -0.0,
   0.0,
   0.0,
   0.0,
   1.0
  ],
  "xformed_noc_scale": [
   50.88821484052639,
   28.679250572690968,
   41.81850051879883
  ]
 },
 "10": {
  "xform": [
   0.9034434760705685,
   -0.42870722590776095,
   0.0,
   18.253407006454772,
   0.42870722590776095,
   0.9034434760705685,
   0.0,
   -3.926305379308161,
   0.0,
   0.0,
   1.0,
   -0.0,
   0.0,
   0.0,
   0.0,
   1.0
  ],
  "xformed_noc_scale": [
   35.089026012530596,
   98.80576344047387,
   18.334999084472656
  ]
 },
 "14": {
  "xform": [
   0.9983830553446225,
   -0.05684430315112169,
   0.0,
   -0.025166453653120868,
   0.05684430315112169,
   0.9983830553446225,
   0.0,
   0.6694454903254083,
   0.0,
   0.0,
   1.0,
   -0.0,
   0.0,
   0.0,
   0.0,
   1.0
  ],
  "xformed_noc_scale": [
   58.46215214622097,
   46.65621255229839,
   40.69200134277344
  ]
 },
 "16": {
  "xform": [
   0.9788134456122635,
   -0.20475409321585777,
   0.0,
   0.21029202141815517,
   0.20475409321585777,
   0.9788134456122637,
   0.0,
   0.6325193644582328,
   0.0,
   0.0,
   1.0,
   -0.0,
   0.0,
   0.0,
   0.0,
   1.0
  ],
  "xformed_noc_scale": [
   45.32627954987778,
   45.12744980555807,
   102.94499969482422
  ]
 },
 "17": {
  "xform": [
   0.9672832008612138,
   -0.25369905268188225,
   0.0,
   -11.114075502586203,
   0.25369905268188225,
   0.9672832008612139,
   0.0,
   -7.225942989755438,
   0.0,
   0.0,
   1.0,
   -0.0,
   0.0,
   0.0,
   0.0,
   1.0
  ],
  "xformed_noc_scale": [
   43.68510315761839,
   101.52276045027371,
   7.857999801635742
  ]
 },
 "18": {
  "xform": [
   0.9972081732958584,
   0.016191707546237274,
   0.0728950459131145,
   0.06306582783133674,
   -0.016234898490713127,
   0.9998682053505833,
   -1.3478298670812309e-09,
   -0.028295631428125745,
   -0.07288543875791773,
   -0.0011834423268082847,
   0.9973396173226675,
   0.020663019895261314,
   0.0,
   0.0,
   0.0,
   1.0
  ],
  "xformed_noc_scale": [
   9.669850805788887,
   60.41302107801789,
   9.432980891329859
  ]
 },
 "19": {
  "xform": [
   0.9814638981055411,
   0.16117191717754942,
   -0.10369295939835821,
   -10.164165310636651,
   -0.1566610040058467,
   0.9863696532415072,
   0.050321337304458744,
   5.356841492291686,
   0.11038997481364199,
   -0.033143932741033375,
   0.9933355592060025,
   -0.01698040903335496,
   0.0,
   0.0,
   0.0,
   1.0
  ],
  "xformed_noc_scale": [
   60.78343277457347,
   82.92858534289311,
   18.26925635122698
  ]
 },
 "20": {
  "xform": [
   0.9926016278207694,
   0.12141667285656821,
   -3.755426696179839e-09,
   5.645844341941142,
   -0.12138533699604075,
   0.9923454526174695,
   0.022717892327129275,
   9.93578413472747,
   0.002758334627354432,
   -0.022549816448711808,
   0.999741915380271,
   -0.2127976661068356,
   0.0,
   0.0,
   0.0,
   1.0
  ],
  "xformed_noc_scale": [
   101.0805721421985,
   82.5972680790194,
   18.199327232102938
  ]
 }
}